{
    "era": [
        0,
        1,
        2,
        3,
        4,
        5,
        6,
        7,
        8,
        9
    ],
    "reward": [
        50,
        25,
        12.5,
        6.25,
        3.125,
        1.5625,
        0.78125,
        0.390625,
        0.1953125,
        0.09765625
    ],
    "blocks": [
        1,
        2,
        3,
        4,
        5,
        6,
        7,
        8,
        9,
        10
    ],
    "rewardPerBlock": [
        50,
        25,
        12.5,
        6.25,
        3.125,
        1.5625,
        0.78125,
        0.390625,
        0.1953125,
        0.09765625
    ],
    "rewardCurrencyPerBlock": [
        750,
        375,
        187,
        93,
        46,
        23,
        11,
        5,
        2,
        1
    ],
    "sumBlocks": 10,
    "sumReward": 1493,
    "intervalChangeEraBlock": 1,
    "totalEra": 9,
    "hashesPerCurrency": 10,
    "upTruncFactor": 15
}